image_name,Captions,Label
fb 1424.jpg,নিজের রাজ্যের সমস্যাগুলো মুখ খুলতে বা সেগুলো সমাধান করতে পারবো না হিপোক্রিটের মতো পার্লামেন্ট এবং টুইটারে গরম গরম ভাষণ দিতে হলে ডাকিস। আমি সবসময় ফ্রি আছি।,political aggression
in 488.jpg,একটা যুবরাজ দেখান তো! সস্তার কিছু দেখান...,political aggression
tangaila (327).jpg,"কিস ডে কিস দিবি না কপিলা ? তুই ব্লাশ করস না, তোর মুখে গন্ধ",non-aggressive
in 608.jpg,বর্ষসেরা ভোজনরসিক (কেবল ভোটের সময় খেতে আসেন) শাহ'জি,political aggression
ovodro_img (351).jpg,পার্থক্য বুঝুন এটায় ধোন খাঁড়া হয় আর এটায় লোম,gendered aggression
fb 1304.jpg,আমার ছেলে বড় হয়ে ব্লগিং করবে !,others
Halal Memes (92).jpg,"রাতে আব্বু বাসায় আসার পর, ছোট ভাই/ বোন: আব্বু ! ভাইয়া আমাকে",non-aggressive
fb 1650.jpg,"""সায়েন্স বা মেডিকেল পড়ুয়ারা নয়, নাস্তিক হয় ড্রপ আউট কিংবা কলা অনুষদে পড়ুয়া উঁচু মানের বিগ্যানীরা""",religious aggression
tangaila (199).jpg,তোর জন্য একটা মোবাইল কিনছি কি মোবাইল এই যে... মার শালারে...,non-aggressive
blog 338.jpg,ধর্ম উপাসনালয়ের দৃষ্টিতে খ্রিষ্টানের দৃষ্টিতে মুসলিমের দৃষ্টিতে রাজনীতিবিদের দৃষ্টিতে বৈজ্ঞানিকের দৃষ্টিতে বাস্তব অর্থে,religious aggression
fb 964.jpg,ওহ শিট টাকা দিয়াও কোয়ালিফাই করতে পারলামনা,others
in 327.jpg,আপনারা কারা? আমরা দিদির দূত দিদির ভূত? ভূত নয় দূত,political aggression
blog 260.jpg,"ইসলামের শিক্ষা ছড়িয়ে দিতে হবে।।... আল্যাহু আকবার! ""জঙ্গিবাদ দমনে শিক্ষক সমাজের করণীয়"" শীর্ষক আলোচনাসভায় শিক্ষামন্ত্রী নুরুল ইসলাম নাহিদ",religious aggression
blog 219.jpg,"নাস্তিকতা সম্পর্কে ভুল ধারণা আপনি নাস্তিক, কারণ আপনি ঈশ্বরকে ঘৃণা করেন। আমি আপনার ""ঈশ্বরকে"" ততোটাই ঘৃণা করি, যতোটা আপনি করেন বিগফুট-কে। বিগফুট-কে আমি ঘৃণা করতে পারি না, কারণ ওটা কাল্পনিক চরিত্র। বাস্তবতার জগতে স্বাগতম ।",religious aggression
in 119.jpg,আন্টি ওরে নিয়ে যাই শহীদ মিনারে ফুল দিয়ে চলে আসবো,non-aggressive
KAM (194).jpg,জান একটা কথা বলি বলো চলো নারায়গঞ্জ যাই তোমাকে না বলছি আমাকে ভয় দেখাবা না,others
fb 1909.jpg,কঠিন অধ্যবসায় এবং অক্লান্ত পরিশ্রমে সব সম্ভব,gendered aggression
fb 760.jpg,স্কুলের ১২০০ টাকা বেতন যে কিভাবে দিবো আব্বু তো বেতন পায় না তিন মাস থেকে আল্লাহ তুমি ১২০০ টাকার ব্যবস্থা করাই দাও প্লিজ না ছেলেটা আর্থিক সমস্যায় আছে কাল ওরে কিছু টাকা দিয়ে সাহায্য করবো বাবা এই ১০০০ টাকা রাখো তোমার বেতন দিতে কাজে লাগবে কিন্তু আমি তো আল্লাহর থেকে ১২০০ টাকা চাইছি তার মানে আপনি বাকি ২০০ টাকা মেরে দিয়েছেন,others
fb 1856.jpg,বয়ফ্রেন্ড বেস্টফ্রেন্ড,gendered aggression
ovodro_img (675).jpg,তাই দুপুর বেলাতে ঘুমিও,non-aggressive
fb 487.jpg,কিরে খনিকের পুতেরা? এখন বল আমি বেশি হট নাকি নোরা ফাতেহি বেশি হট?,others
ovodro_img (5).jpg,ও মতু ও মতু আই ন্যাব ইউ আই ন্যাব ইউ শালা মতু তোর বাবা,others
ovodro_img (23).jpg,এত জ্যাম । কী করব বুঝতে পারছি না । একটু তেল লাগিয়ে নাও,non-aggressive
blog 500.jpg,চাঁদ পৃথিবী শুক্রু সূর্য মঙ্গল জ্যোতির্বিজ্ঞান আব্রাহাম্মক ধর্মগুলোর মতে,religious aggression
KAM (46).jpg,"পোলাপাইনের রি-অ্যাকশন যখন ক্লাসের সবচেয়ে সুন্দরী মেয়েটি, ""ইন এ রিলেশনশীপ"" হয়ে যায়",non-aggressive
fb 587.jpg,এই শীতে অন্যরা : অমি*,non-aggressive
fb 1606.jpg,"মুসলিম দুই প্রকার হিজাব ইসলামের বিধান-তাই নিজেকে মুসলিম দাবি করলে হিজাব পরুন প্রকৃত মুসলিম হিজাব পরা আর বস্তায় বন্দি হওয়া একি কথা, হিজাব ছারাই কত সুন্দর লাগে, হিজাব মেয়েদের স্বাধীনতা কেড়ে নেয়, মুসলিম লেবাস ধারী নাাস্তিক",religious aggression
fb 1725.jpg,হিন্দুদের যখন আপনি গোমুতখেকো বলেন *হিন্দুত্ববাদী: আপনি জানেন না যে নাষা গোমুত কে উপকারী বলেছে |,religious aggression
in 544.jpg,রবীন্দ্রনাথ বেঁচে থাকলে নিজের হাতে মমতাকে পুরস্কৃত করতেন: শুভাপ্রসন্ন কুচুটে আমার নোবেলটাও ওনাকে দিয়ে দিতাম...,political aggression
fb 1537.jpg,নাস্তিকরা যে ভাবে তাদের যুক্তিকে ন্যায়সঙ্গত করে !,religious aggression
ovodro_img (312).jpg,ভাড়া দেন তো বৌদি দেখি বৌদি আপনার টা,non-aggressive
KAM (270).jpg,সম্প্রতি এক গবেষণায় প্রমাণিত হয়েছে যে... ঘুমের ট্যাবলেট এর চেয়ে পড়ার টেবিল বেশি কার্যকরী!,non-aggressive
fb 1836.jpg,কোরবানির গরু আমি,gendered aggression
KAM (93).jpg,আসলে কলকাতায় অনেক গরম তাই ম্যাচ-টা তাড়াতাড়ি শেষ করলাম,others
fb 1891.jpg,"কি ভাই ? এভাবে কি দেখেন? হিংসা হয়? আপনিইতো বলেছিলেন, বিটিএস আর মেয়েদের পিরিয়ড নিয়ে রচনা লিখে কোনো লাভ হবে না",gendered aggression
tangaila (34).jpg,এরকম গন্ধ তো আমার বয়ফ্রেন্ড এর গা থেকেও পাওয়া যায় হ্যাঁ জানি,non-aggressive
fb 961.jpg,দেখ বন্ধু তোর গার্লফ্রেন্ড টারে আমাকে দিয়ে দে তুইতো জানিসই 'ভোগে নয়; ত্যাগেই প্রকৃত সুখা',gendered aggression
blog 51.jpg,বিজ্ঞান বোঝার মতোন বুদ্ধি মাথায় নাই? তাইলে ধর্মই ভরসা !,religious aggression
fb 2021.jpg,এক জোড়া হাস,others
fb 251.jpg,আমি ইচ্ছা কইরাই অনলাইন ক্লাস করি নাই আমার গুষ্টিতে একজনও করে নাই | আমার নানার গুষ্টিতেও করে নাই আমার পাশ্ববর্তী এলাকার কেউ করে নাই | আমি অনলাইন ক্লাস কইরা নিজে ফেইল করমু না কি?,non-aggressive
Bangla Thug Life (305).jpg,বিয়ের পর যখন বাসর রাত সম্পর্কে জ্ঞান দিতে আসে আত্মীয়রা আমি: আরে কাকে খেলা শিখান ?,non-aggressive
in 639.jpg,কলকাতার প্রথম তিন মেয়র ও তৃণমূলের তিন মেয়র সবাই প্রেসিডেন্সি ফেরত... আমি তো আগেই বলেছিলাম পিসির দল ট্যালেন্টে ভরপুর প্রথম তিনজন প্রেসিডেন্সি কলেজ থেকে পাশ আউট আর তৃণমূলের তিনজন প্রেসিডেন্সি জেল ফেরত,political aggression
fb 780.jpg,"গোসলে গিয়ে পানি ঢালার পর টেংকিতে যখন পানি শেষ হয়ে যায় আমার লাভ-লস নাই, আমার লাইফটাই লস",non-aggressive
KAM (52).jpg,"মামা ভাল্লাগসে এফবি থেকে পাওয়া ছবি মাননীয় রেল মন্ত্রী জনাব মুজিবুল হক ও তার স্ত্রী এইটা কি আমাগো ভাবি,নাকি চাচী,নাকি নানী হইবো",political aggression
blog 495.jpg,"হায় খোদা! তার যুক্তি নিখুঁত! আগে কখনও এইভাবে ভাইবা দেখি নাই, তয় তার কথা ঠিক। আমার দাবির কুনো ভিত্তিই তো নাই! কথাটা কীভাবে কইলে সবচে' ভালো হয়... শালা, তুই তর মায়ের *** দিয়া হইছোস! তর বাপের ঠিক নাই...",religious aggression
bangla-memes (39).jpg,আমার মনে হয় এখন একজন পুরুষ প্রধানমন্ত্রীর প্রয়োজন খালেদা জিয়া এবং শেখ হাসিনা:,political aggression
Bangla Thug Life (406).jpg,"আমাকে তুমি দুধ দাও ! আমি তোমাকে আমার ঘি দেবো, তারাতারি তোমার ঘি বার করো",gendered aggression
fb 1263.jpg,বাংলাদেশ আওয়ামী লীগ আবু ত্বাহা মোহাম্মদ আদনান ৪ দিন যাবৎ বাংলাদেশ আওয়ামী লীগ নিখোজ পরিমনীর সাজানো ধর্ষণ নাটক,political aggression
ovodro_img (52).jpg,দাদু আমি মহানায়ক আমারও ভয় হয় আমার ফিরিয়ে দেওয়া নাইট উপাধিটা তোকে না দিয়ে দেয় ।,others
fb 897.jpg,প্রসঙ্গ যখন সত্যিকারের সুপারহিরোর বীর মুক্তিযোদ্ধারাই অন্যতম,non-aggressive
in 272.jpg,একটা কবিতা বলতো ম্যাম আমি বলছি... কবিতার নাম 'ভাইপো' কয়লা খেলি গরু খেলি খেলি নদীর বালি ! নিজে খেলি বউকে দিলি বাদ গেল না শালী। দুষ্টু,political aggression
bamboo-vaiya (191).jpg,রাকিব আর সাকিব খেলছো কিন্তু টাকা দিলা না কেন ?,gendered aggression
blog 314.jpg,শিশুদের নিরাপত্তা নিশ্চিত করুন ধর্মযাজকদের জন্য আলাদা টয়লেট,religious aggression
in 147.jpg,বাংলার খবর সব ভালো তো? আাপনি বেনারসে বসে বাংলার হাল আর কি বুঝবেন! দুয়ারে সিবিআই পুকুরে মোবাইল পাছিলে বিধায়ক তিহারে উন্নয়ন,political aggression
in 508.jpg,পার্থ-অর্পিতাকে ১৪ দিনের জেল হেফাজতের নির্দেশ ব্যাঙ্কশাল কোটের কিছু বুঝলেন লালমোহন বাবু? না... ১৪ দিন পর বোঝা যাবে আজ দিল্লিতে কী বৈঠক হল!,political aggression
nurani-memes (128).jpg,মাম্মাহ ইদের চাঁদ উঠছে,non-aggressive
fb 1928.jpg,[মাগুর মাছের কান্না] [মাগুর মাছের কান্না],others
pin 9.jpg,আজকাল মেয়েদের বয়ফ্রেন্ডরাই সব লুটে নেয় / হাসবেন্ড পায় খালি চিৎকার আর অভিনয়,gendered aggression
ovodro_img (321).jpg,ওওওওওওও... কলঙ্কিনী রাধাআআআআ... এই তো পেয়ে গেছি সিঙ্গার... এবার আমার ছেলে গুলোও গান শুনবে,others
ovodro_img (523).jpg,বল্টুর বাবার চোখে বল্টুর মা যেদিন বল্টু রাতে বাড়ি থাকে যেদিন বল্টু মামাবাড়িতে রাত কাটায়,gendered aggression
fb 1234.jpg,এক বাসার গেটে কালিমা তায়্যিবা লেখা সেই বাসায় আবার লাইটিং করা এবং গান বাজতেছে,religious aggression
chosha (9).jpg,আমায় ছেড়ে যাবেনা তো ? না খেয়ে আমি কাউকে ছাড়ি না,gendered aggression
fb 18.jpg,মুসলমানী করলে তো একটু পেইন হবেই,others
fb 1440.jpg,দেখুন বাবরি মসজিদ ভাঙা ভুল হয়েছে। আর মসজিদের তলায় যে রামমন্দিরই ছিলো; এর কোনো শক্তিশালী নৃতাত্ত্বিক প্রমাণ পাওয়া যায়নি। অতএব; ভাঙা মসজিদের জায়গায় মন্দির তৈরী হবে আর মুসলামরা অন্য জায়গায় নিজেদের মসজিদ বানাবে। এই কে বললো রে সুপ্রিমকোর্ট চাড্ডি? কে বললো কথাটা?,political aggression
Halal Memes (60).jpg,লকডাউন লকডাউন শেষে,non-aggressive
fb 342.jpg,দুধ বড় করলেই মাগি হওয়া যায় না মাগি হতে হলে ছিদ্র বড় করতে হয়,gendered aggression
blog 98.jpg,"চেকমেট ! ধ্যাৎ... দাবা হইলো শয়তানের খেলা যে ব্যাক্তি দাবা খেললো, সে যেনো হাতে শুকরের মাংস ও রক্ত নিয়ে মারা গেলো [ সহিহ মুসলিন ২৮ : ৫৬১২ ]",religious aggression
ovodro_img (664).jpg,"এরা ডাক্তার ? অনেক নাটক করেছে , বললেন মমতা নিউজপোল ডেস্ক : তারই অপেক্ষায় হাপিত্যেশ করে বসেছিলেন । আমরা ডাক্তার কোন নেতামন্ত্রী বা অভিনেতা অভিনেত্রী নই যে নাটক করব",political aggression
ovodro_img (258).jpg,"""ধোকা স্বভাব হ্যায় মেরা "" বলতে বলতে যখন সিনেমা হল ভর্তি অডিয়েন্স দের ধোকা দিয়ে দাও",others
fb 1042.jpg,২০৪৮ সালে আমেরিকার প্রেসিডেন্ট ছয়ে তালেবান ধ্বংস করবো তালেবান ঃ এইবারের মতো ক্ষমা করে দিলে হয়না স্যার?,others
in 631.jpg,রাজনীতি করি না বুঝিও না... তবে দিদিকে ভালো লাগে! কি বুঝলেন মিত্তির মশাই? শীঘ্রই রাজ্যসভা সিট খালি হতে চলেছে...,political aggression
tangaila (87).jpg,যখন ভুলক্রমে নিজেই নিজের পোস্ট করা ৩-৪ বছর আগের পোস্ট / স্ট্যাটাস দেখে ফেলি *বর্তমানের আমি* *৩-৪ বছর আগের আমি*,non-aggressive
blog 134.jpg,"মানে ব্লো জব দেয়? তো বটেই কারণ আমরা, মুছলিমরা, জানি, ব্লো মানে বিস্ফোরণ ।",religious aggression
blog 321.jpg,ওইটা কী? গুনাহ।,religious aggression
tangaila (184).jpg,ও করেছে টা কি ? নেইমারকে মেসি/ রন থেকে সেরা বলেছে ! তাইলে ও এ পৃথিবীতে কি করতেছে ? ওর গলা কাটা চাই !,others
blog 368.jpg,"মুছলিম-সমালোচনা কি বর্ণবাদিতা? ভুল কথা! মুছলিম বলে কোনও বর্ণ নেই, আছে বর্ণবৈচিত্র্যময় ইছলামী সন্ত্রাসীরা",religious aggression
in 185.jpg,দিদি ওদিকের খবর কী? তুই চাপ নিস না; কয়লা; বালি; গরু; চাপা দিয়ে দিয়েছি,political aggression
bangla-troll (67).jpg,"বাংলাদেশি আম্মুদের রিয়েকশ্যান যখন তারা জানতে পারে যে ভাইবার, হোয়াটসঅ্যাপ, ট্যাংগো, লাইন, সব বন্ধ ফেইসবুকের ও সম্ভাবনা আছে !!",non-aggressive
blog 252.jpg,নেক্সট অ্যাটাক কারে করুম? হিন্দু খ্রিষ্টান এইসব বাদ দিয়া একসাথে মিলামিশা থাকলে কেমুন হয়?,religious aggression
fb 2077.jpg,"ফরাসী দ্বীপপুঞ্জ, এন্ডোরা, লাতভিয়া ও হাঙ্গেরির বিরুদ্ধে জার্মান, স্পেন, ফ্রান্স ও ব্রাজিলের বিরুদ্ধে",others
fb 1158.jpg,"বিবর্তন সত্য মানুষ বানর থেকে তৈরী, মুমিনদের নবী এই করছে ঐ করছে খগেন রেফারেন্স মুমিন লে খগেন মগাচিপের! চংচয় দত কম",religious aggression
blog 130.jpg,এক খাছ মুছলিমের কাহিনী এখানে শরিয়া আইন প্রয়োগ করা হয় কাফেরস্তান সেক্যুলার দেশ অবশেষে... আশ্রয়স্থল কর্মসংস্থান এক বছর পর... আমরা এই দেশে শরিয়া আাইন চাই,religious aggression
fb 1916.jpg,লু পোস্ত এভাবে কি দেখেন ভাই? ক্রাশ বলেছে 'তাকে পেতে হলে রান্না শিখতে হবে' তাই রান্না শিখছি,gendered aggression
fb 1900.jpg,"এটা তুমি আগে বলবানা, যে তুমিই সে যে ফেসবুকে পিরিয়ড নিয়ে বড় বড় রচনা লিখতা",gendered aggression
blog 83.jpg,"আল্যা সব পয়গম্বরকে সমান চোখে দেখে । (সুরা আন নিসা, ৪:১৫২) আল্যা সব পয়গম্বরকে সমান চোখে দেখে না । (সুরা বনী ইসরাঈল, ১৭:৫৫)",religious aggression
blog 138.jpg,কেউ নবীর ছবি আঁকলে আমরা তারে হত্যা করবো! আপনি সহিংসতা উসকে দিচ্ছেন কেন? বাক-স্বাধীনতা,religious aggression
ovodro_img (545).jpg,ফনী আসার আগে ফনী যাবার পর,gendered aggression
fb 605.jpg,সারা বছর দূর্নীতি দূর্নীতি বলে চেঁচিয়ে জনগণ যখন নির্বাচনের সময় ৫০০ টাকার বিনিময়ে নিজের ভোট বিক্রি করে দেয় তখন! জনগণ :- সচোদন নাগরিক!,political aggression
ovodro_img (483).jpg,পাশের বাড়ীর মেয়েটাকে একদম ডিস্টার্ভ করবি না কেন বাবা? কারন ও তোর বোনের মতো । সত্যি করে বলোতো বাবা আর কোন কোন ঘরে আমার এরম বোন রয়েছে ! ওরে হারামজাদা ছেলে বাবার ক্যারেক্টার নিয়ে প্রশ্ন তুলিস । আজ ক্যালিয়ে তোর সিঙ্গা ভেঙে দেব ওয়াড়া,non-aggressive
in 25.jpg,আমার পরীক্ষার খাতা,non-aggressive
nurani-memes (171).jpg,এডুকেশন এজুকেশন এজুখেইশান,non-aggressive
in 53.jpg,১৯৭১ সালের ১৪ ডিসেম্বর বংলাদেশকে মেধাশূন্য করার চেস্টার সত্তেও যখন বংলাদেশের শিক্ষার হার পাকিস্তানের শিক্ষার হার থেকে বেশি হয় পাকিস্তানি & রাজাকার :,others
Halal Memes (268).jpg,"আবেগের ঠেলায় যখন অনলাইন ক্লাস করতে যায় এবং গিয়ে দেখতে পারি সেই স্যার, যার দুমাসের বেতন মেরে দিয়েছিলাম* *লে আমি *লে স্যার",non-aggressive
blog 322.jpg,একখান কামের কাম করসে টাইম ম্যাগাজিন। পোপের মাথায় ডেভিলের শিং বসাইয়া দিসে ।,religious aggression
blog 45.jpg,কোরানের নির্দেশনা অনুসরণ করে অস্ত্রের মাধ্যমে জিহাদ করলে আল্যাফাক আপনাকে পারলৌকিক প্লেবয় হবার তৌফিক দান করবে,religious aggression
ovodro_img (154).jpg,দেশপ্রিয় পার্কে প্যান্ডেলে ঢোকার আগে প্যান্ডেল থেকে বেরনোর পরে,non-aggressive
fb 1703.jpg,"আম্মা, রাইতে হজুর বিছানায় ডাকে ছিঃ বাজান তুমি হাদিসের কেলাসে পড়ো নাই, এক মুসলমান আরেক মুসলমানের দোষ ত্রুটি গোপন রাখতে অয়",religious aggression
tangaila (195).jpg,ইঞ্জিনিয়ারিং করার জন্য যখন নিউ এডমিশন নেই যখন ইঞ্জিনিয়ারিং শেষ করে বের হই,non-aggressive
in 210.jpg,আমি চাই একদিন মোহনবাগান ব্রাজিল আর ইতালিকে হারিয়ে বিশ্ব চ্যাম্পিয়ন হোক!,political aggression
blog 143.jpg,"আম্মু, এমন কখনও হয় বা হওয়া সম্ভব যে, আল্যা তাঁর চিন্তা-ভাবনা ও মত বদল করেন? না, আল্যা অতিশয় জ্ঞানী ও বিচক্ষণ এবং প্রত্যেকের জন্যেই তাঁর আলাদা আলাদা পরিকল্পনা আছে । এর মানে কি এই নয় যে, দোয়া-মোনাজাত-প্রার্থনা একেবারেই অর্থহীন? (ছেলেটা বলে কী! এ তো, দেখি, নাস্তিক হয়ে গেছে! )",religious aggression
fb 1582.jpg,"ওই দেখা যায় ওদুটোর চিন্তা, ওখানেতেই মুক্তচিন্তা। খেতে পারলে ভিটামিন হবে না শরির পুষ্টিহীন। রাতের রানী",gendered aggression
fb 135.jpg,৭.৫% ভ্যাট নিয়া সবাই আন্দোলন করছে... কি করা যায় এখন? ধামাচাপা দেন ১.৫% কমান ভ্যাট বাদ দেন ধুরুশালা তাইলে খমুকি!,political aggression
KAM (169).png,ছয় দিন ধরে অবরোধ করতেছেন আর কতো?? এবার একটু থামেন !! আপনি তো ছয় বছর ধরে রাজত্ব করতেছেন এইবার আপনে একটু থামেন !,political aggression
fb 256.jpg,বন্ধুদের সাথে ইফতার পার্টি করতেছি* মাখাতে জিলাপি দিস না!,non-aggressive
blog 473.jpg,"আমি একজন মডারেট মুছলিম। আমি ঘৃণা, সহিংসতা ও বৈষম্যের বিরুদ্ধে। তবে আমার জীবনে আছে পথনির্দেশক এক কিতাব, যাতে ঘৃণা, সহিংসতা ও বৈষম্যের কথা আছে পদে পদে।",religious aggression
in 248.jpg,দাদা একটা ফুটেজপ্রেমী দেখান.... সস্তার কিছু নেই?,political aggression
Halal Memes (134).jpg,"সারারাত জেগে দিনের বেলা ঘুমানো বিদ্যমান জনৈক মুরব্বি চাচা: মনে হয় গাঁজা খাইছে, গাঁজা খাইলে এইরকম হয়",non-aggressive
blog 96.jpg,"আমি একজন মডারেট মুছলিম । আমি ঘৃণা, সহিংসতা বৈষম্যের বিরুদ্ধে । তবে আমার জীবনে আছে পথনির্দেশক এক কিতাব, যাতে ঘৃণা, সহিংসতা ও বৈষম্যের কথা আছে পদে পদে ।",religious aggression
fb 89.jpg,"ব্লগার হওয়ার রেসিপি ফেসবুকে ল্যাদানো বড় বড় ইভেন্ট খোলা নাস্তিকতা, নারী, বিশ্ব ইত্যাদি নিয়ে আলোচনা ব্লগিং করা উপস!",others
fb 160.jpg,বাংলাদেশে যেকোন মেগা প্রজেক্ট উদ্ভোদন হওয়া বিদ্যমান প্রেগন্যান্ট মহিলা:,gendered aggression
pin 3.jpg,টেনিস বল দিয়েছিলাম হারামজাদা বাস্কেটবল বানিয়ে ফেলেছে,gendered aggression
tangaila (316).jpg,এই কন-কনে শীতের সকালে যাদের প্রাইভেট আছে তাদের জন্য এক কম্বল সমবেদনা,non-aggressive
fb 1376.jpg,"ফেসবুকে একটা বাঙালি মুসলিম মেয়ে যুক্তি দিয়ে কথা বলছিলো| রিপ্লাইতে ""কাগজ খুঁজে রাখ বাংলাদেশী রেন্ডী"" লিখে দিয়েছি",religious aggression
blog 59.jpg,"কাফেরদের দেশের পতাকায় আগুন-ধরানো ঈমান্দার মমিনের প্রতি আল্যার এ কী অবিচার ! হে আল্যা, তুমি কার দলে?",religious aggression
ovodro_img (742).jpg,এখনকার দিনে ফুলসজ্জার রাতে বরের অবস্থা ভাই আমাকে কেউ টেনে তোল আমি ডুবে যাচ্ছি,gendered aggression
bamboo-vaiya (425).jpg,*খেলার সময় ধন ও বলের মুখোমুখি সংঘর্ষ বিদ্যমান* লে দর্শকমন্ডলিঃ,non-aggressive
in 472.jpg,"আজ যুদ্ধ বিরতি! মীনাদেবীকে দেখতে এসে ফিরহাদ বললেন, 'সব চিকিৎসার দায়িত্ব পুরনিগমের' কী কিউট না!?",political aggression
Halal Memes (298).jpg,পাড়ার বখাটে গাঞ্জাখোর ছেলেকে দেখার পর *এলাকার সুন্দরী জানি সব ধ্বংস হয়ে যাবে তাও একটা শেষ চেষ্টা করব ওকে আমার ভালবাসা দিয়ে ঠিক করে নিবো,gendered aggression
blog 97.jpg,"আরও কতো মানুষকে হত্যা করলে কাফেররা বিশ্বাস করবে যে, ইছলাম শান্তির ধর্ম?",religious aggression
fb 219.jpg,ছেরা টাকা দিয়ে বিস্কুট কিনে আনা আমি মেয়াদ উত্তীর্ণ বিস্কুট দেয়া দোকানদার,non-aggressive
ovodro_img (804).jpg,ক্লাসে বারবার পাদার জন্য চিৎকার করা আমার টিচার প্যান্টের মধ্যে হেগে বসে থাকা আমি ।,non-aggressive
Bangla Thug Life (163).jpg,ক্রাশ যখন তার জিএফ এর সাথে কাপল পিক দেয় ফাইট্টা যায়... বুকটা ফাইট্টা যায়,non-aggressive
fb 1446.jpg,"সুইডেনে কোরআন পুড়িয়ে কট্ররপন্থিদের বিক্ষভ অনলাইন ডেস্ক । ২২ জানুয়ারি, ২০২৩ ১২:৩৯",religious aggression
fb 1107.jpg,*আগে বলবা না তুমি গাঞ্জা খাও*,gendered aggression
KAM (346).jpg,বৃষ্টি পড়ে টাপুর টুপুর পায়ে আমার নতুন জুতু কিন্তু রাস্তা দিয়া হাঁইটা গেলে জুতা কাদায় ভইরা যায়,non-aggressive
in 506.jpg,"বৃহস্পতিতে দিল্ল রওনা, শুক্র বিকেলেই মোদীর সঙ্গে একান্ত বৈঠকে বসছেন মমতা দাদা, আমি আর আমার ভাইপো দুজনেই বাঁচাতে চাই...",political aggression
fb 109.jpg,বাংলাদেশী অনলাইন নিউজপেপার ব্রেকিং! স্বর্ণপদক পেলেন বাংলাদেশী বিজ্ঞানী সোনা মুখে সানি লিওন,others
blog 317.jpg,"-ইয়া মাবূদ, তোমার গলা না শোনা পর্যন্ত আমি এই জায়গা ছেড়ে উঠবো না ।",religious aggression
fb 1443.jpg,আইজকালকার হোলাইন যা বেয়াদব হুজুর এর লগেও মশকারি করে!,religious aggression
Bangla Thug Life (236).jpg,জান তোমার মনটা খুব নরম হাত সরা মাদারচোদ অইটা মন না,gendered aggression
bamboo-vaiya (114).jpg,বাংলাদেশ টেলিভিশন - বিটিভি জাস্ট ফ্রেন্ডের প্রস্তাব পেয়ে এক কোপেই অমিত হাসানের পৃথিবী দুই ভাগ করে দিলেন ওমর সানীর আপন স্ত্রী ।,others
fb 1370.jpg,কংগ্রেস এবং বিজেপি শাসনের মধ্যে তফাৎ কী? ১৯৮৪ ২০০২ বিজেপি শাসনে দাঙ্গাগুলোর রঙিন ছবি পাওয়া যায়,political aggression
blog 128.jpg,ঈশ্বর তোমার পেট বাধাইসে - কথাটা পাবলিকে না খাইলে তোমারে পাথর ছুঁইড়া মাইরা ফালাইতো ।,religious aggression
fb 417.jpg,মেয়েদের ন্যাকামি মেয়েদের উচ্চতা/বয়স,gendered aggression
tangaila (329).jpg,"টাংগাইলের মেয়েরে নক দিয়ে রিপ্লাই না পাওয়ার পর লে ফাকবয় : আমি যারে নক দেই , তার-ই ভাব বেড়ে যায় !",gendered aggression
KAM (51).jpg,এতো কষ্ট কেন ভালবাসা? ভালবাসতে কইছে কেডা?,non-aggressive
fb 1530.jpg,নাস্তিক যখন জনতে পারে যে ইসলামের বিরুদ্ধে লিখে পশ্চিমের ভিসা পাওয়া যায়....,religious aggression
in 230.jpg,আসন্ন পঞ্চায়েত নির্বাচনে নিজেদের সংগঠনকে শক্তিশালী করতে নয়া কর্মসূচি লক্ষ্য পঞ্চায়েত ভোট; বুথ মজবুত করার কর্মসূচি শুরু সুকান্তর *পশ্চিমবঙ্গবাসী *বিজেপি,political aggression
KAM (59).png,"আজ আমার এক বান্ধবী আসছে, রাতে থাকবে, তুমি আজ ডাইনিং রুমে শোবে। ঠিক আছে, কিন্ত একটা শর্ত!! আমার বান্ধবী আসলে তুমিও ডাইনিং রুমে শোবে, কেমন?",non-aggressive
Halal Memes (146).jpg,"নীচের ঠোটে কামড় দিয়ে """" উচ্চারণ করা যায় না, এটা জানার পর মেয়েরা",gendered aggression
fb 305.jpg,আজকাল ট্রিট মানে ছেলেরা চুদা দেয় -মেয়েরা চুদা নেয়়,gendered aggression
tangaila (346).jpg,উদ্যানের পিছনে প্রস্রাবের জায়গায় যাওয়া বিদ্যমান - ভাই... গন্ধে থাহোন যাইতাসে না !,non-aggressive
fb 168.jpg,কিরে আমার হোগা দেখবি?,gendered aggression
fb 452.jpg,কবি বলেছেন ডিস্টার্ব না করলে মেয়েরা প্রেমে পরে না...,gendered aggression
Halal Memes (342).jpg,ডিপ্রেশনে থাাকার কারণে যখন আমার আচরণ অন্যরকম হয়ে যায় আমার বন্ধুরা: অভিনয়টা বাদ দেন,non-aggressive
ovodro_img (772).jpg,এখানে টিপে ধরলি কেন ? ফুটবল ভেবেছিলুম কিন্তু ফুটবল তো হাত দেওয়া যায় না চল তাহলে মধ্যের পা রাখি ...,gendered aggression
KAM (481).jpg,সংবাদ- সোনারগা'র মতো ফাইভ স্টার হোটেল পছন্দ হচ্ছে না ভারতীয় প্লেয়ারদের। সবার পেটে কি ঘি সয় হয়রে পাগলা!,others
tangaila (152).jpg,বিন্দুবাসিনীর কোনো সুন্দরী মেয়ে যখন বলে আমি সিঙ্গেল লে আমি :- প্রমাণ দাও !,gendered aggression
blog 443.jpg,"এরা ঈশ্বরের আদেশে সন্তানহত্যা করে মানসিক রোগী হিসেবে স্বীকৃত, তবে ইব্রাহিম স্বীকৃত নবী হিসেবে",religious aggression
fb 1147.jpg,"তেমন কিছু না, ছেলেটি বলেছে সে মনে মনে নারী!",gendered aggression
KAM (56).png,মানুষের পোলাপান বাইরে কত আকাম করে আর আমি বাসায় বইয়া সারাদিন মোবাইল টিপি আর কম্পিউটার গুতাই তার পরেও আম্মু সারাদিন চিলায় আমার আম্মুর উচিত আমারে লইয়া গর্ব করা,non-aggressive
in 222.jpg,কুন্তল আমার সবটা দেখেছে' জীবনের গল্প শোনালেন সোমা কুন্তলটা ভারি দুষ্টু...,political aggression
blog 264.jpg,"হতাশা ঝেড়ে ফেলো, হে বালক । আমার খ্রিষ্টান বন্ধুদের সকলেই বলে, ঠিক তোমাকে নিয়ে ঈশ্বরের বিশেষ একটি পরিকল্পনা আছে ।",religious aggression
KAM (259).png,পাগলা শেয়াল ভাঙ্গা দেয়াল আর মেয়েদের খেয়াল এই তিনটাকে কখনো বিশ্বাস করতে নেই,gendered aggression
in 625.jpg,একদিনে চার চারটে ডিজাইন পোশাক বদল আমি সারাদিনে এতবার পোশাক বদলাই না!,political aggression
fb 1631.jpg,(আপনি কি মূর্খ) এইভাবে আর কত কাল বন্দি থাকবি? দেখিয়ে দে নারীরা দুর্বল নয়। দেখ মুক্ত আকাশ অনেক মজাদার তুই আমার প্রকৃত বন্ধুরে,gendered aggression
in 337.jpg,"পিসি বলছে, গ্রামে গ্রামে আমাদের 'দিদির দূত' হিসাবে গিয়ে মানুষের কথা শুলতে হবে আপাতত তোলাবাজি বন্ধ কদিন চুরি বন্ধ আমরা কী তাহলে দুর্নীতি একেবারে ছেড়ে দেবো? ভাইপো *তিলু ভবন",political aggression
fb 27.jpg,গিটার বানানো হয়েছে যাতে পাগলেরা প্রোফাইল পিক দিতে পারে,others
blog 75.jpg,"আমি মনে করি, ইহুদিধর্ম একটি বড়ো সমস্যা । ঠিক বলেছো ! আমি মনে করি, খ্রিষ্টধর্ম একটি বড়ো সমস্যা । ঠিক বলেছো ! আমি মনে করি, ইছলাম ধর্ম একটি বড়ো সমস্যা ! তুমি ইসলামোফোবিক, রেসিস্ট ! স্রেফ গুটিকয়েক মুছলিমের কর্মকাণ্ডের কারণে তুমি দোষারোপ করছো ১৫০ কোটি শান্তিপ্রিয় মুছলিমকে !",religious aggression
ovodro_img (692).jpg,ভালোবাসা খুজে পেয়েছি !,non-aggressive
fb 1432.jpg,অত্যাচারিত কৃষকদের সংগঠিত করে বামফ্রন্টের বিরুদ্ধে বিপ্লব? নাহ ভাই। বুর্জোয়া মমতার সাথে হাত মেলাতে হবে তো বল?,political aggression
blog 287.jpg,রমজান মাসে রোজা থাকতে ভুইলো না কিন্তু !,religious aggression
ovodro_img (778).jpg,মরুভুমিতে জল দেখা যায় কিন্তু জল পাওয়া যায় না !,gendered aggression
in 470.jpg,স্যার একটা কথা মাথায় ঘুরছে... বলে ফেল... উনি বেকারদের হটাৎ চা বিস্কুট ঘুগনির কারবার করতে বললেন কেন? গরু কয়লা বালি সোনা নিয়ে কারবার অলরেডি ভাইপো করছে...,political aggression
fb 2058.jpg,"রাত ১ টায় ব্রাজিলের খেলা আছে, তাই তাড়াতাড়ি আউট হয়ে গেলাম এখন না ঘুমালে, কখন? আমরাও আছি তোমার সাথে!",others
in 647.jpg,এশিয়ার সবচেয়ে শক্তিশালী দেশগুলির মধ্যে চতুর্থ স্থানে ভারত দারুণ খবর! তবে মাস্টার স্ট্রোক তো হাঙ্গার ইনডেক্সে ১১৬ টা দেশের মধ্যে ভারতের স্থান ১০২ নম্বরে পৌঁছে দেওয়া ।,political aggression
fb 1298.jpg,ঘর সামলাই দেশও সামলাই,political aggression
fb 812.jpg,ভাত খাওয়ার সময় কোন তরকারি পছন্দ না হওয়ায় যখন ডিম ভেজে খাই | ডিমঃ এইটা বলতে গেলে -আমাদের জমিদারি,others
tangaila (235).jpg,যখন ঘাটাইলের মেয়ে জানতে পারে তার এক্স এখন অনেক টাকার মালিক :- তার এক্স ঘাটাইলের মেয়ে*,gendered aggression
fb 929.jpg,বাবাকে ব্লক করা কোনো আদর্শ সন্তানের কাজ হতে পারে না তাই বাবার আইডিতে ঢুকে নিজেকেই ব্লক মেরে আসলাম,non-aggressive
fb 308.jpg,ট্যাগ এ বান্ধুবী যার দুদু বড়,gendered aggression
fb 1862.jpg,স্বামীর সেবা মহিলার কর্তব্য,gendered aggression
in 408.jpg,অস্থায়ী কেন? মমতার দেওয়া চাকরি ফেরালেন মালবাজারের নিহতের ভাই,political aggression
in 372.jpg,এবার কি ১৬৯৪ শিক্ষাকর্মীর নিয়োগ বাতিলের পথে? নম্বরে কারচুপি করে চাকরি পাওয়ার অভিযোগ আমরা কি ঐতিহাসিক রেকর্ড গড়তে চলেছি!? হ্যাঁ বাবু সোনা....,political aggression
in 492.jpg,দড়ি ধরে মারো টান পিসি হবে খান খান...,political aggression
blog 465.jpg,"যদি একজন স্ত্রীলোক একটি শিশু পুত্রের জন্ম দেয়, তাহলে সেই স্ত্রীলোকটি সাতদিন ধরে অশুচি থাকবে। কিন্তু যদি স্ত্রীলোকটি এক শিশুকন্যার জন্ম দেয়, তাহলে দু সপ্তাহ ধরে সে অশুচি থাকবে। বাইবেল, লেবীয় পুস্তক ১২: ২, ৫",religious aggression
blog 470.jpg,ষোলো সহস্র কামিনীর সাথে সঙ্গম করে ক্লান্ত? বদলাবে স্বাদ? ওরে পোপ - দুটো কচি দেখে খোকা আন তো!,religious aggression
chosha (91).jpg,বলতো সবাই দুয়ে (২) + দুয়ে (২) = কি হয় ? ম্যাডাম দুয়ে দুয়ে দুধ বেড় হয়,gendered aggression
in 217.jpg,"""সিপেম সব চাকরি খেয়ে নিচ্ছে' বলে কান্নাকাটি করা পিসি বিকাশরঞ্জন ভট্টাচার্য",political aggression
KAM (519).jpg,কিছুদিন আগে যারা ফ্রান্সের পতাকা প্রোফাইল পিক দিয়েছিল এখন তারা ফ্রান্সে বসে ফেসবুক চালাচ্ছে,others
blog 12.jpg,"যখন জানতে পারলেন, আপনার স্ত্রী ফেসবুকের বিভিন্ন ভোটে অংশ নেয়ার অধিকার রাখে অ্নুবাদ: তবে যখন আপনার মনে পড়ে যায়, ১৩ বছরের কম বয়সীরা ফেসবুকে নিবন্ধন করতে পারে না",religious aggression
fb 810.jpg,ভ্রমন খরচ বাঁচাতে কক্সবাজার ঘুরতে যাওয়া বন্ধুকে দিয়ে সমুদ্রের পানি আনিয়ে তা দিয়ে গোসল করার পর একটু চালাক না হইলে দুনিয়াতে টেকা খুব মুশকিল,non-aggressive
bamboo-vaiya (19).jpg,"ছিদ্র ছোট তো তাই ঢুকতেছে না ! তেল দিয়ে দিবো ! দেও তোমার ইচ্ছা ! এবার ঢুকছে ! হুম পুরাটা ঢুকছে বাল, মানুষ এতো ছোট আংটি কিনে !",gendered aggression
in 322.jpg,দাদা; নেতাজি দেখান.... সস্তার কিছু নেই!,political aggression
blog 362.jpg,"ইয়া মাবুদ, আমি কাফেরগুলার শিরশ্ছেদ করতে পারি, কচি বালিকারে বিবি বানাইতে পারি, গনিমতের মালের সাথে ছহবত করতে পারি, কিন্তু বেকন-বিয়ার খাইতে পারি না ক্যান? এইডা তুমার কেমুন বিচার!",religious aggression
fb 489.jpg,নেন ভাই পানি.... ফেইসবুকে পাঞ্জাবী আর সালামি ভিক্ষা করতে করতে ক্লান্ত হয়ে গেছেন,others
fb 1657.jpg,যখন সহীভাবে আরবী পড়তে গিয়ে উচ্চারনে ভুল হয় বাসার হুজুরঃ,religious aggression
KAM (116).jpg,আপনার এক্স গার্লফ্রেন্ড কে অন্য কারো সাথে দেখে কষ্ট পাবেন না বরং এটা ভেবে খুশি থাকুন আপনার ব্যবহার করা জিনিস অন্য কারো কাছে নতুন,gendered aggression
fb 609.jpg,বুড়ার এক পা কবরে গেছে গা! তাও জোর কমে না,others
Bangla Thug Life (232).jpg,মেয়েদের থেকে ছেলেদের পাশের হার বেশি হওয়া শর্তে পত্রিকায় মেয়েদের ছবি আসে কেন ? কারণ:,gendered aggression
fb 1635.jpg,হযরত মোহাম্মদ সঃ এর ব্যবহার করা তলোয়ার। আপনার ইচ্ছা হলে করে সবাই কে দেখানোর সুযোগ করে উপহার দিতে পাড়েন। প্রশ্ন : ইসলাম ধর্ম প্রতিস্টায় কি তলোয়ার লাগে ??????? যিশু অথবা বুদ্ধ তলোয়ার ছাড়াই ধর্ম প্রচার করেনি ?,religious aggression
KAM (172).png,২১/২২ তারিখে নাকি ফেসবুক বন্ধ কইরা দিবো?তাইলে সারা দিন ঘরে বইসা বইসা কি করমু?বুঝছি..এখন সরকার বিরধি আন্দোলনে নামা লাগবো,political aggression
fb 425.jpg,এ আবার এখন বলছে অমিত কে বলে ওদের ওখানেও সরকার গঠন করিয়ে দিতে,political aggression
ovodro_img (492).jpg,বুম্বাদা হাতটা সরাও । সবাই দেখছে ! আ আ ... আমি টিপে ধরি নি,others
bamboo-vaiya (389).jpg,"দোস্ত একটা মেয়ে খুজে দে পিরিয়ড নিয়ে রচনা লিখ, মেয়ে এমনি এমনি পেয়ে যাবি",gendered aggression
Bangla Thug Life (363).jpg,বয়ফ্রেন্ড থাকা সত্ত্বেও যখন মেয়েটি তার বেষ্টফ্রেন্ড কে বেশি পাত্তা দিয়ে ফেলে বিধি তুমি বলে দাও আমি কার,gendered aggression
bamboo-vaiya (303).jpg,বিভিন্ন দেশের পারমাণবিক বোমা ... আমেরিকা রাশিয়া ইন্ডিয়া বাংলাদেশ,others
in 490.jpg,এত নোংরামি দেখলে আগেই রাজনীতি ছেড়ে দিতাম: মমতা এমন কিছু দেরি হয়ে যায়নি এখন যখন জেনেই গেছেন তাহলে সবাইকে একটু স্বস্তি দিন প্লিজ।,political aggression
fb 1062.jpg,তুমি জানো আমি কে? আপনাকে জানার মায়েরে চু#,others
fb 1940.jpg,যখন তোমার নিজস্ব পানু চ্যানেল খোলার ইচ্ছে থাকলেও পরিবারের চাপে রান্নার চ্যানেল খুলতে হয়,gendered aggression
KAM (103).jpg,কিরে জলিল কাল নাকি পাবলিক তোকে গন ধোলাই দিছে হুম... কি অপরাধ করলি আবার আর বলিসনা এক মাহিলার পায়ের নিছে আমার একটা ফটো পরছিল মাইর দিল কেন আমি শুধু কইছি আফা শাড়ী টা উপরে তুলেন ফটো তোলব তো...,others
blog 187.jpg,হায় আল্যা! আমি তো আমার মতোন হইয়া যাইতেসি !,religious aggression
Halal Memes (337).jpg,"হে আমার প্রতিপালক, আমাকে শক্তি দিন আমি যেন বাংলা নাটকে আরো বেশি কান্না করতে পারি",others
fb 461.jpg,অসাধারণ একটি ছবি এর অর্থ টা বুঝতে চেষ্টা করুন,non-aggressive
KAM (100).jpg,পরীক্ষার আগের রাতে বারোটার সময় ঘুমে চোখ বন্ধ হয়ে আসে অন্যান্য রাতে ৩টা বাজলেও চোখ খোলা পুরাই উলালা মুড,non-aggressive
fb 1245.jpg,শিক্ষিত'র চেয়ে সার্টিফিকেট বেশী স্কুল হাইস্কুল কলেজ ভার্সিটি ইউনিভার্সি শিক্ষার আগাছা বেশী,others
fb 41.jpg,সিঙ্গেল বেতন ১৫০০০ টাকা বেতন ৫০০০ টাকা বিবাহিত বেতন ০ টাকা বেতন বেতন ২০০০০ টাকা,gendered aggression
fb 1343.jpg,মুসলিম ছেলের দ্বারা হওয়া নারী বিদ্বেষী ঘটনায় প্রতিবাদ করা। হিন্দু ছেলেদের দ্বারা ধর্ষণের সপক্ষে মিছিল করা,political aggression
Bangla Thug Life (311).jpg,আয়রে ভাই দলে দলে পুতিন ভাইয়ের ভ্যাক্সিন নিতে বাইঞ্চোদ পুতিন বলিয়া করোনা যাবে এবার চলিয়া,political aggression
Bangla Thug Life (290).jpg,জবা কি পারবে অপু ভাইকে ফিরিয়ে আনতে ?,others
in 504.jpg,"১২৫ ফুট পতাকার দড়ি চুরি নিউটাউনে, কাঠগড়ায় তৃণমূল চুরি *তৃণমূল",political aggression
chosha (118).jpg,যখন আমরা গালফ্রেন্ডের মুখে ললিপপ চুষতে দেই,gendered aggression
fb 1249.jpg,বাংলাদেশ ভারত ভাই ভাই থাম! মুদিরভাই,political aggression
Halal Memes (126).jpg,যখন তোমার রুমে শুধুমাত্র একটা চেয়ার থাকে !! লে তোমার অবস্থা:-,non-aggressive
KAM (112).png,বলো সেমিস্টার সিস্টেমের সুবিধা কি? সুবিধা তো জানি না কিন্তু বছরে ২ বার বেইজ্জতি ঠিকই হয় !,non-aggressive
fb 799.jpg,আমার ছেলে মানকি আমার বার্থডে কবে সেটা জানে না কিন্তু নেইমার রোনালদোকে ঠিকই রাত ১২টায় উইশ করে!,others
fb 1182.jpg,বন্ধু বিষপান করে ফেলেছে তাই মোটামাপের ব্যাসযুক্ত টিপওয়ালা সুশীল শাহবাগী দেখিয়ে দিলাম,others
Halal Memes (248).jpg,সিনিয়র আপুদের নিয়ে আমি যা ভাবি তারা আমাকে নিয়ে যা ভাবে,gendered aggression
Halal Memes (252).jpg,সিরিয়ালে নায়িকা যখন শ্বাশুড়ির সাথে বিদ্রোহ করে * বাঙালি শ্বাশুড়ি কিন্তু যখন নিজের ছেলের বউ কোনো একটা ভুল করে,others
fb 208.jpg,বউভাতের দাওয়াতে গিয়ে ভাত খাওয়া পর আমি* বউ দিলেন না স্যার,non-aggressive
KAM (20).jpg,সুয়ারেজ তুমি ট্রেনের মধ্যে মহিলাদের কামড় দিয়েছিলে কেন? কি করবো বলেন... ওখানেতো লেখা ছিল মহিলাদের কামরা!,others
blog 247.jpg,এর সাথে কুকুরের স্বভাবের কোনও সম্পর্ক নেই । যেমন নেই কোরান ও নবীর কর্মকাণ্ড থেকে অনুপ্রাণিত সন্ত্রাসী ঘটনাগুলোর সঙ্গে ইছলামের সম্পর্ক,religious aggression
nurani-memes (176).jpg,যখন আপনি একটা সিগারেট ধরান আর ঠিক সেই সময় পরিচিত কেউ আসার কারনে ফেলে দিতে হয়,non-aggressive
Halal Memes (293).jpg,ক্লাসে প্রেজেন্ট দিয়ে বেঞ্চে বসতে যাওয়া বন্ধু* *পিছন থেকে কলম খাঁড়া করে রাখা আমি,others
in 40.jpg,ঈদের শপিং করতে নিউমার্কেট যাচ্ছি,non-aggressive
fb 162.jpg,বরের কথায় উঠবো আর বসবো বরের কথায় উঠবো আর বসবো,gendered aggression
in 570.jpg,"আমি তৃণমূল করিনা তবে দেখলাম, জাগো বাংলা স্টলে এবছর দারুণ ভিড় হচ্ছে ... হ্যাঁ, আমিও তাই দেখে ছুটে গিয়ে স্টলে জিজ্ঞেস করলাম ""সিপাহী বিদ্রোহে তৃণমূলের অবদান"" বইটা আছে? খিস্তি দিয়ে দিলো!",political aggression
fb 1710.jpg,"মোমিনরা বলতে চায় আল্লাহর নামে এই পৃথিবীতে সর্বত্র এত প্রমাণ রয়েছে এটি একটি সত্য । আল্লাহ মহান দয়ালু, কুরআন মজীদে বলেন, আল্লাহ শীঘ্রই মহাবিশ্বে তার নিদর্শনাবলী দেখাবো, যতক্ষণ না তাদের কাছে এটি স্পষ্ট হয়ে যায় যে এটি সত্য| এটা আল্লাহর যথেষ্ট প্রমান নয় ? হাস্যকর কু যুক্তি। আমাদের দেশে তো সাঈদিকে চাঁদে দেখা গিয়েছিল । তার মানে কি দাড়ায় সাঈদি আল্লাহর সমকক্ষ ?",religious aggression
in 51.jpg,আমাকে ধৈর্য শিখাও? প্রেম করার বয়সে সিঙ্গেল আছি,non-aggressive
fb 1254.jpg,নারীদের মটিভেশন দেয়া নারীর সংসারও তিনবার ভেঙ্গেছে,gendered aggression
fb 377.jpg,গাঁজাখোর দের আমরা যেরকম মনে করি আসলে তারা যেমন হয়,others
fb 1502.jpg,মুখ্যমন্ত্রী পাগল থানায় চল দেখাচ্ছি তোকে কে পাগল! আমিতো ঝাড়খন্ডের মুখ্যমন্ত্রীর কথা বলেছিলাম স্যার আমাকে বোকা পেয়েছিস? আমি জানিনা কোথাকার মুখ্যমন্ত্রী পাগল!,political aggression
fb 564.jpg,বন্ধুটা ভালোই ছিল কিন্তু কথায় কথায় টুনটুনি তে হাত দেয়ার স্বভাব ছিল,others
chosha (120).jpg,ব্রেকাআপের পর কাবীর সিং নয় জনি সিন্স হবার চেষ্টা করুন,gendered aggression
in 458.jpg,"*পিসি বাজপেয়ী ভালো, আডবানী খারাপ আডবানী ভালো, মোদী খারাপ মোদী ভালো, শাহ খারাপ",political aggression
in 233.jpg,"আমি ষড়যন্ত্রের শিকার', এবিপি আনন্দে বললেন হৈমন্তী সে তো আমরা আমাদের খাট আমাদের বাগানবাড়ি সবাই ষড়যন্ত্রের শিকার",political aggression
KAM (89).jpg,২০২১ সালের মধ্যে বাংলাদেশ বিশ্বসেরা ক্রিকেট দল হবে ক্ষমতায় এলেই বিশ্বকাপ এনে দিব... ইনশাআল্লাহ,political aggression
KAM (178).png,আমাদের টিমে আছে ১১টা খেলোয়াড় !! আর ইন্ডিয়ান টিমে ১৪ টা খেলোয়াড়!! ১১ জন মাঠে খেলে আর ৩ জন সিদ্ধান্ত নিয়ে খেলে!,others
Bangla Thug Life (156).jpg,এই বান্টি তোর সাবান স্লো নাকি রে ? বালপাকনামি কম সোদাও । করোনা ভাইরাস ধরলে বুঝবা ।,others
KAM (194).png,সবাই জান্নাতে যেতে চায় কিন্তু কেউ মরতে চায় না !! তেমনি সবাই ভাল রেজাল্ট করতে চায় কিন্তু কেউ পড়তে চায় না !!,non-aggressive
blog 330.jpg,আপনি কি মাত্র ৫০ বছরের পুরনো কম্পিউটার ব্যবহার করতে চাইবেন? তাহলে আপনি ১৪০০ বছর আগে প্রণীত জীবনবিধান অনুসরণ করেন কেন?,religious aggression
in 616.jpg,"শান্তিতে ভোট দিয়েছে মানুষ, আমি খুশি, ভোট দিতে গিয়ে বললেন মমতা বন্দ্যোপাধ্যায় ত্রিপুরার পঞ্চায়েত ভোটও মানুষ শান্তিতে দিয়েছিল, আমিও খুব খুশি হয়েছিলাম...",political aggression
blog 455.jpg,"বিশ্বাস নিয়ে কটাক্ষ করলে ইসলামের পিলার নড়বড়ে হয়ে যায়। এই পিলার আবার ইট, বালু, সিমেন্ট দিয়ে মেরামত করা যায় না। রক্ত প্রয়োজন হয়। নাস্তিক, মুরতাদদের রক্ত... - ওয়াশিকুর বাবু",religious aggression
fb 894.jpg,বন্ধুটা ভালোই ছিল কিন্তু সব সময় হুডির ফিতা টান দিতো,others
KAM (117).jpg,সামনে পহেলা বৈশাখ একটা ড্রেসও কেউ গিফট করলো না এতোগুলা পচা,non-aggressive
KAM (429).jpg,আমি সিধুকে ঘৃণা করি না কারণ আম্মু বলসে প্রতিবন্ধীদের ঘৃণা করতে হয় না,others
fb 827.jpg,মোটা ভুঁড়িয়ালা বন্ধু *আমি দেখি বন্ধু তোমার ভুঁড়ি চিপে দেই একটু,others
fb 15.jpg,আমার ফেসবুক হোমপেইজের অবস্থা এখন,non-aggressive
ovodro_img (337).jpg,চুটকীর বরের ডায়লগ টা মনে করো... সময় এসে গেছে বাওয়া,others
fb 1560.jpg,"নাস্তিক আফগানিস্তানে ১০৫ জন শিশু হাফেজ খুন ! তাতে কি হইছে? ফিলিস্তিন, সিরিয়ায় লক্ষ লক্ষ নিরীহ শিশু, নারী খুন! তাতে কি হইছে? অত্যাচারের প্রতিরোধ গড়তে ঝাপিয়ে পড়লো মুসলিমরা! ইশশশ... মুসলিমরা নিষ্ঠুর, বর্বর, জঙ্গি!",religious aggression
fb 1412.jpg,দেশভক্তির নামে জনগণকে বোকা বানিয়ে টাকা কামানো বাবা রামদেব অক্ষয় কুমার,others
in 600.jpg,"ও মশাই শুনেছেন, মদনকে প্রথম মদ খাইয়েছে শুভেন্দুর বাবা! মদন কার কাছে মদ খাওয়া শিখেছে সেটা গুরুত্বপূর্ণ নয়! গুরুত্বপূর্ণ হলো, মদন কার কাছে ঘুষ খাওয়া শিখেছে",political aggression
direct-offense (26).jpg,রাকিবকে ব্লক দিছো কেন ? পলিথিন ছাড়া ফ্রিজে মাংস রাখতে এসেছিলো,gendered aggression
blog 41.jpg,"আমি স্মার্টফোনে কোরান পাঠ করি: আর তাদেরকে হত্যা কর যেখানে পাও সেখানেই (সুরা ২:১৯১) খুব শীঘ্রই আমি কাফেরদের মনে ভীতির সঞ্চর করবো । (সুরা ৩:১৫১) হে ঈমানদারগণ, তোমাদের নিকটবর্তী কাফেরদের সাথে যুদ্ধ চালিয়ে যাও । (সুরা ৯:১২৩) লন্ডনে সন্ত্রাসী হামলা",religious aggression
ovodro_img (746).jpg,জীবনে প্রথমবার প্রেম করে ব্রেকআপ হওয়ার পর ** পাগল হয়ে যাব আমি পাগল হয়ে যাব,non-aggressive
Bangla Thug Life (175).jpg,বলতো % চিহ্নটি কখন দেখা যায় কোনো মেয়ে যখন গাড়িতে সিটবেল্ড লাগিয়ে বসে থাকে,gendered aggression
fb 1199.jpg,আশ্চর্য ভাই আপনারা বুঝজেছেন না কেন? আমি দুনিয়াতে পীর বাবার মুরিদ ছিলাম !,religious aggression
fb 1802.jpg,কষ্ট তো তখনই লাগে যখন দেখি বায়ার্ন হারার কারণ এ মাদ্রিদ ফ্যানরা কাঁদে,others
bamboo-vaiya (378).jpg,"কল করে প্রতিবার করোনার সতর্কবার্তা শোনার পর- আল্লাহ, কি বলার জন্য ফোন দিসিলাম",non-aggressive
in 102.jpg,করোনায় আক্রান্ত 'টুম্পাসোনা',others
ovodro_img (63).jpg,এই দেখ ভাই তোর জন্য কী ডাউনলোড করেছি ? এখন তো উঠে যা ।,gendered aggression
fb 1092.jpg,"ব্রাজিল দলের কেন নেই ২৪ নম্বর জার্সি? সমকামীদের নম্বর ২৪, তাই এই নম্বরের জার্সি নেই ব্রাজিল দলে |",gendered aggression
fb 1093.jpg,আমারে স্যার ডাকবা,others
blog 56.jpg,"আল্যার কি পুত্রসন্তান থাকতে পারতো? অসম্ভব! (সূরা আল আন-আম, ৬:১০১) আল্যার কি পুত্রসন্তান থাকতে পারতো? পারতো, তিনি চাইলে । (সূরা আল-যুমার ৩৯:৪)",religious aggression
fb 1956.jpg,"গতকাল ইউরো কাপ খেলায় টিকটকের বিজ্ঞাপন দেয়া হয়েছে তুমি কী দেখেছো? টিকটকার: দিন, রাত ছাগলামি কইরা কূল পাইনা খেলা দেখব কখন",others
fb 1860.jpg,দেখ ওরা বলে টি-২০ তে ওয়ার্ল্ড চ্যাম্পিয়ন*,others
ovodro_img (678).jpg,তারমানে তুমি বলতে চাইছো পাতা পাতা না খেললে রক আসে না বলতে চাইছি নয় বলছি,others
fb 592.jpg,মেসি / দিবালা / মারিয়া বিডি তে আসার খবর শুনে লে টিকটকারস : আয় না খালি,others
fb 1761.jpg,প্রচুর শীত তাই সবাই মিলে একটু গড়ম হচ্ছি,gendered aggression
in 642.jpg,আজ লন্ডভন্ড দিবসের বর্ষপূর্তি,political aggression
fb 1561.jpg,নাস্তিকরা যেভাবে মানবতার সেবা করে ..,religious aggression
ovodro_img (200).jpg,"কখনও কখনও মনে হয় বিরাট কোহলি মানুষ নয় , ভগবান ।",non-aggressive
fb 244.jpg,ফর্সা সুন্দরী বাঙ্গালী মেয়ে বিসিএস ক্যাডার,gendered aggression
blog 66.jpg,কে কে শরিয়া আইন চান ? কে কে সৌদি আরবে বাস করতে চান ? কে কে ইউরোপে বাস করতে চান ?,religious aggression
KAM (37).png,"জি আপা, বলেন জিয়ারে কি দলে নেয়ার ব্যবস্থা করা যায় না?",political aggression
fb 1081.jpg,আমাদের সাথে খেলবি ও এখন নেক্সট লেভেল এ খেলবে,others
in 550.jpg,"বিক্ষোভের মুখে ফিরলেন মন্ত্রী ববি হাকিম আমরা তো ডাকিনি, কেন এসেছেন? গ্রামবাসী",political aggression
in 158.jpg,গরমের সময় স্যান্ড পরিস আরাম হবে,political aggression
fb 1600.jpg,"দেনমহর মানে বেশ্যাবৃত্তি এটাই নাস্তিকদের দাবি নাস্তিক এক্স মুসালম আপনি কি আগে মুসলিম ছিলেন? যুক্তিবাদী হ্যাঁ, ধার্মিক পরিবার ছিল আমি এক্স মুসলিম নাস্তিক এক্স মুসলিম আপনার কথা অনুপাতে আপনার মা কি বেশ্যা ছিল? যুক্তিবাদী নাস্তিকঃ",religious aggression
fb 967.jpg,ভদ্র ছেলে গাঁজাখোর ছেলে সুন্দরী মেয়েদের মনের ভিতর যারা থাকেঃ,others
fb 12.jpg,"দেশী পিচ্চিদের অবস্থা, যখন বলে... আপনার মোবাইলে গেমস আছে?",non-aggressive
fb 815.jpg,যখন আপনি কোথাও ঘুরতে গিয়ে নিজের একটা সুন্দর ছবি তুলতে পারেন না আমার কোন লাভ লস নাই আমার পুরা সময়টাই লস,non-aggressive
blog 326.jpg,ঈশ্বর সত্য। আপনি আমার কথা বিশ্বাস করছেন না? এই ইউটিউব লিংকটা দেখুন । এর অর্থ - সেই অতিলৌকিক সত্তার অস্তিত্বের প্রমাণ আছে ইউটিউবে?,religious aggression
ovodro_img (549).jpg,বলিউড না টলিউড হিরোইন দের বিয়ে করতে চাও ? টলিউড হিরোইন দের ভুল ডিসিশন । কারন টলিউড হিরোইন রা এক একজন তিন তিন বার করে বিয়ে করে,others
bangla-gag (49).jpg,সারা বছর ভুমিকম্পের পর,gendered aggression
KAM (89).png,আমি এই দুইটাকে ঘৃনা করি না! কারন আম্মু প্রতিবন্দিদের ঘৃনা করতে মানা করেছে!,others
in 63.jpg,বিয়ে করা এতটাও জরুরি হয়ে গেছে কারো? জরুরী - বিবাহ,non-aggressive
fb 1834.jpg,সূর্যের নজর টাও আমার মতো দুষ্টু,gendered aggression
fb 560.jpg,আজকে আমার ফার্স্ট টাইম,gendered aggression
fb 1463.jpg,"নাস্তিক: কুরবানির নামে গরু জবাই করা অমানবিক, ওদের তো জীবন আছে... আমি: আপনার পায়ের চামড়ার জুতা বেশ মানাচ্ছে *নাস্তিক",religious aggression
blog 459.jpg,"ধর্মগুলো নিয়ে প্রধান একটি সমস্যা: সমস্ত উত্তর নাকি তাদের জানা আছে, তবে কেন জানি প্রশ্ন করা নিষেধ!",religious aggression
fb 1815.jpg,- রাত ১০ টায় গুলিস্তান থেকে বাসায় আসার পথে দুষ্টু আপুর দলের সাথে দেখা বিদ্যমান *লে লুইচ্চা বন্ধু-- এইযে আপু হবে নাকী?,gendered aggression
tangaila (338).jpg,ভার্সিটির দামড়া বড় ভাই ক্লাস ৯ এর বিন্দুবাসিনীর নিব্বি,gendered aggression
fb 1684.jpg,বলো দেহি.. কেনু কয়েক হাজার বছর আগে আমাদের পুর্ব পুরুষদের মধ্যে মনুষ্য নামের একটা প্রজাতি বিলুপ্ত হয়ে গেসে ..? কুন পন্থায় কাল্পনিক এক ঈশ্বরকে সন্তুষ্ট করে মৃত্যুর পরও লাগালাগি করা যাবে সেটা নিয়ে নিজেরা নিজেরা কুপাকুপি করে বিলুপ্ত হয়ে গেসে,religious aggression
ovodro_img (707).jpg,তোদের বাবা কোথায় গিয়ে লুকিয়ে পড়ল ! আসছেই না তাড়াতাড়ি কর । তোমার বৌ আর ছেলে মেয়ে তোমার কথাই বলছে,gendered aggression
tangaila (248).jpg,মেয়ে গার্লসের ছাত্রী এখন কুমুদিনীতে পড়ে দেখতে সুন্দর বাবার টাকা আছে প্রচুর কিন্তু মেয়ে বিটিএস ফ্যান,others
ovodro_img (703).jpg,এমন গাড় ঘোলা সাদা চা কী করে হয় ? এটা কী চা গো ? এটা উত্তেজনার ফলে নিঃসৃত সুপার ন্যাচারাল চা,gendered aggression
in 592.jpg,মোদীর মাথা খারাপ হয়ে গেছে' মেঘালয়ের রাজ্যপালকে বলেছেন অমিত শাহ? নামেই বন্ধু! পেছনে আমাকে খিস্তি করে!,political aggression
fb 990.jpg,অমি লিটিন দাস রান না করতে পারলেও ক্যাচ মিস করে দলকে হারাতে পারি,others
blog 413.jpg,হাঁউমাঁউখাঁউ কাফিরের গন্ধ পাঁউ।,religious aggression
in 422.jpg,ঘড়ি-ক্যালকুলেটর প্রস্তুতকারী সংস্থাকে সেতু মেরামতির বরাত! ব্রিজ বিপর্যয়ে বাড়ছে ধোঁয়াশা বিজেপি সরকারের আরও একটা মাস্টারস্ট্রোক,political aggression
Bangla Thug Life (99).jpg,ম্যাথ ক্লাস শেষ হওয়ার পর আমার মাথায় আসমান ভাইঙ্গা পরসে,non-aggressive
in 465.jpg,"জামিন দিন, আমাকে বাঁচতে দিন! শুনানিতে কেঁদে ফেললেন পার্থ, ফের জেল হেফাজত চাইল ইডি পার্থও কাঁদে...",political aggression
in 96.jpg,গরম দিনে পায়খানা থেকে বাইর হওয়ার পর-:,non-aggressive
fb 1539.jpg,"নাস্তিক যা দেখা যায়না তা আমরা বিশ্বাস করি না ! আমি তো এখন গ্লাভস, মাস্ক, স্যানিটাইজার ব্যবহার করস কেন? ভাইরাস কেমনে দেখছ? নাস্তিক",religious aggression
ovodro_img (546).jpg,এত ভার নিয়েও চলা যায় নাকীরে ওয়াড়া ??,gendered aggression
fb 658.jpg,অনন্ত জলিল :,others
fb 1545.jpg,যখন নাস্তিকদের কাছে তাদের নৈতিকতার ভিত্তি কি জানতে চাওয়া হয়......,religious aggression
fb 153.jpg,দুর্নীতি দমন কমিশন দুদক মাদক দমন কমিশন,non-aggressive
tangaila (151).jpg,কোথায় তুমি ?? জানি না তবে এখানে অনেক সাদা ড্রেস পড়া পল্ট্রির মত মেয়ে দেখতে পাচ্ছি ...। ওয়েলকাম টু কলেজ গেট !,gendered aggression
in 301.jpg,লোকটা শুধু নবান্নে জানতে গিয়েছিল.. ডিলিট পেতে গেলে দু ফসলী নাকি তিন ফসলী জমি দিতে হবে বিশ্ববিদ্যালয়কে?,political aggression
fb 1521.jpg,লাভ জিহাদ হিন্দু মেয়েরা সাবধান অরাজনৈতিক ধর্মীয় সেচ্ছাসেবক সংগঠন রাষ্ট্রীয় হিন্দু জাগৃতি মিশন,religious aggression
blog 1.jpg,"এইডস-আক্রান্ত তোমাদের দেশগুলোয় কনডম ব্যবহার ধর্মসম্মত নয় ঘোষণা দিয়ে তোমাদের পোঙ্গা মেরে দিয়ে এখন তোমার পদচুম্বন নামের ভড়ং মারাচ্ছি। কারণ জানি, এই ভণ্ডামি দেখেও মুগ্ধ হবে দুনিয়ায় লক্ষ-কোটি আবাল",religious aggression
in 575.jpg,আমরা স্কুলে স্কুলে জয় হিন্দ বাহিনী গড়বো... বন্ধ স্কুলে বাহিনী গড়া যায় না! তার জন্য আগে স্কুল খোলা দরকার !,political aggression
fb 1748.jpg,"ভাইয়ের সহযোগিতায় পড়াশোনা করলাম, স্বামীর টাকায় স্কুল খুললাম বেগম রোকেয়া বলছি তারপর লিখলাম নারীর উন্নয়নে সবচাইতে বড় বাধা পরুষ জাতি",gendered aggression
fb 233.jpg,ইউরোপিয়ান আফ্রিকান বাংলাদেশী,others
fb 1415.jpg,ভারত রাষ্ট্র ভারত এবং চীনের সাধারণ মানুষ চীন রাষ্ট্র,political aggression
fb 191.jpg,বন্ধুর সাইজ বন্ধুর বউয়ের সাইজ,gendered aggression
in 484.jpg,"স্যার, আজ সমাবেশ থেকে পিসি হুমকি দিলেন... জিভ টেনে ছিঁড়ে নেওয়ার এবার বোঝা গেল জগবন্ধু সৌগতর কুকথার অনুপ্রেরণা কে!",political aggression
bamboo-vaiya (110).jpg,বিশ্বাসের ভাইরাস অভিজিৎ রায়,others
fb 1914.jpg,যখন আমি আমার টিকটকার বন্ধুর বিচিতে টোকা দিতে গিয়ে দেখি তার বিচিই নাই আমি* তাইলে তুই সত্যিই হিজরা?,others
tangaila (209).jpg,জোসেফ মারিয়া বার্তামিউ গরিবের বার্তামিউ লাইট,others
KAM (232).jpg,"কোনোদিন কোনো বন্ধুর সাথে ঝগড়া মারামারি করবি না, কেন বলতো ? কারণ বলা তো যায় না... পরীক্ষার হলে কার পেছনে সিট পড়বে !",non-aggressive
Halal Memes (103).jpg,রমযান মাসের প্রথমে রমযান মাসের শেষে,gendered aggression
fb 744.jpg,*বন্ধুদের কাছ থেকে পাওয়া বাঁশের সংখ্যা *বন্ধুদের কাছ থেকে পাওয়া সাহায্যের সংখ্যা,non-aggressive
ovodro_img (469).jpg,এক টানে তে যেমন তেমন দুই টানেতে রাজা তিনটাতে রুপম আমি রকস্টারদের বাবা !,others
in 520.jpg,"নতুন মন্ত্রীরা দেখছি খুশিতে বেশ গদগদ! বাইট দিচ্ছে, নেত্রীর ভরসায় আপ্লুত! ওরা ভুলে যাচ্ছে নেত্রী ওদের থেকে অনেক বেশি বিশ্বাস ভরসা করতো আমাকে । পিঠ বাঁচাতে আমার ফোনই ব্লক করে দিয়েছে ।",political aggression
fb 1056.jpg,নাও পরীমনি; এক গ্লাস পানি খেয়ে নাও কেক খেতে খেতে তো ক্লান্ত হয়ে গেছো..!,others
fb 473.jpg,বিদ্যানন্দ ফাউন্ডেশন পরিদর্শনে ভারতীয় হাইকমিশনার বিপদেই প্রকৃত বন্ধুর পরিচয়,others
in 485.jpg,"কখনও যদি দেখেন ববির অত সম্পত্তি পাওয়া গিয়েছে, বিশ্বাস করবেন না', আগেই বঙ্গবাসীকে সতর্ক করে রাখলেন নেত্রী বলছিলাম, কার কার সম্পত্তির হদিশ পাওয়া গেলে বিশ্বাস করবো না, যদি বলে দেন... একটা নামের লিস্ট পেতাম তাহলে নিশ্চিন্তে থাকা যেত|",political aggression
in 500.jpg,"আজ পিসি বললেন, উনি আইনও পড়েছেন কদিন আগে জানলাম উনি ফুটবলও নাচান... উনি সবই করেন... কেবল সুদীপ্ত জেলে যাওয়ার পর ছবি আঁকাটা ছেড়ে দিয়েছেন",political aggression
in 486.jpg,এরা কারা?! তৃণমূলের ছাত্র নেতা,political aggression
ovodro_img (80).jpg,দুর্গা পূজোর প্যান্ডেল বানানো শুরু হয়েছে । সব প্যান্ডেলের রক্ষার দায়িত্ব নিতে হবে । কোন প্যান্ডেল গুলোকে রক্ষা করতে হবে ? যে প্যান্ডেল গুলোতে নীল সাদা রং দেখা যাবে ।,non-aggressive
fb 712.jpg,আম্মুকে বোঝাচ্ছি ফেসবুকের হাসির পোস্ট গুলাকে মিম বলে। এইটা কোনো মেয়ের নাম না,non-aggressive
fb 1640.jpg,"আলাহ তুমি কি বানাইতাছো আমি এইটার নাম দিছি ""মশা"" এইটা খালিখালি মানুষরে কামড়াইবো আর ভয়ঙ্কর সব রোগ ছড়াইবো তুমি মনে অয় মানুষরে দ্যাখতে পারো না? তাই না? হুম আমি অগো লগে মজা লই আর বেকুবডি মনে করে আমি পরীক্ষা করি হা হা",religious aggression
KAM (242).jpg,৫৯ রানে ৬ উইকেট নিছি! উইকেট নেয়ার দরখাস্ত করছিলা?,others
fb 2.jpg,যখন গার্লফ্রেন্ড বলে তুমি কবে নিজের পায়ে দাড়াবা? এখানে আজ কদিন ধরি তীব্র শীত। এত শীত যে শীতের সোদনে আমি দাড়াতে পারতে আছি না,non-aggressive
bamboo-vaiya (328).jpg,বয়ফ্রেন্ড যখন ভুলে একটা ভুল কাজ করে গালফ্রেন্ডঃ আজ ভুলে যাচ্ছি কিন্তু যাচ্ছি না ৬৯ মাস ৩৩ ঘন্টা ৬৫ মিনিট পর আবার মনে পড়বে,non-aggressive
blog 447.jpg,ওরা বেশরিয়তী কাম করে! ইছলামে এইসব হারাম! যৌনদাসী,religious aggression
Bangla Thug Life (83).jpg,বই মোবাইল আমি,non-aggressive
in 409.jpg,২০১৪ : মোদীজি ১৫ লাখ টাকা দেবে বলেছে ২০২২ : এখনও টাকা এলো না!,political aggression
fb 625.jpg,*সারা বছর *শীত কালে,non-aggressive
blog 454.jpg,আপনাকে অভিনন্দন। আপনার পাঁজরের একটি হাড় সরিয়ে নিয়ে সেটি দিয়ে আপনার জন্য এক বান্ধবী বানিয়ে এনেছি।,religious aggression
KAM (174).png,দেশের শান্তি কামনায় মোনাজাত করে আর রাস্তায় গাড়িতে আগুন জ্বলে !!,political aggression
bamboo-vaiya (244).jpg,মাস্টারমশায় -রবীন্দ্রনাথ ঠাকুর,gendered aggression
in 320.jpg,কোটি টাকার নিয়োগ 'দুর্নীতি' কুন্তল কমিশন নিয়েছেন ১০%| বাকি ৯০% কোন ঘাটে জমা করলো!!,political aggression
fb 1381.jpg,সারাদিন ল্যাবে মানসিক শ্রম ব্যয় করে সম্ভাব্য ভ্যাকসিন আবিষ্কার করা রাশিয়ার ডাক্তারেরা। ভ্লাদিমির পুতিন,political aggression
fb 1205.jpg,"যারা ইসলামকে ভালোবাসে আমরাও তাদের ভালোবাসি যাদের সাথে ইসলামের কোন সম্পক নেই, আমাদের সাথেও তাদের কোন সম্পর্ক নেই",religious aggression
ovodro_img (330).jpg,যখন বাড়ির লোক খবর পায় পিকনিকে যেয়ে মদ খেতে শুরু করেছি !,non-aggressive
fb 1770.jpg,নিজের বাসায় বয়ফ্রেন্ড এর বাসায়,gendered aggression
